Kabupaten,Tahun,Bulan,Jumlah_Hotspot,Z_Score,Anomali
 BATU,2023,8,1,-0.6660639555958284,False
 BATU,2023,9,137,1.6447701760631679,False
 BATU,2023,10,56,0.2684645535309716,False
 BATU,2023,11,5,-0.598098245841152,False
 BATU,2024,8,2,-0.6490725281571593,False
 KEDIRI,2022,2,3,-0.3953165504283597,False
 KEDIRI,2022,3,3,-0.3953165504283597,False
 KEDIRI,2022,4,1,-0.8060350443799024,False
 KEDIRI,2022,6,1,-0.8060350443799024,False
 KEDIRI,2022,8,1,-0.8060350443799024,False
 KEDIRI,2022,9,3,-0.3953165504283597,False
 KEDIRI,2022,10,2,-0.600675797404131,False
 KEDIRI,2022,11,1,-0.8060350443799024,False
 KEDIRI,2022,12,3,-0.3953165504283597,False
 KEDIRI,2023,1,4,-0.18995730345258843,False
 KEDIRI,2023,2,1,-0.8060350443799024,False
 KEDIRI,2023,3,5,0.015401943523182885,False
 KEDIRI,2023,4,2,-0.600675797404131,False
 KEDIRI,2023,5,4,-0.18995730345258843,False
 KEDIRI,2023,6,5,0.015401943523182885,False
 KEDIRI,2023,7,6,0.2207611904989542,False
 KEDIRI,2023,8,12,1.452916672353582,False
 KEDIRI,2023,9,17,2.4797129072324386,False
 KEDIRI,2023,10,7,0.4261204374747255,False
 KEDIRI,2023,11,3,-0.3953165504283597,False
 KEDIRI,2023,12,3,-0.3953165504283597,False
 KEDIRI,2024,1,5,0.015401943523182885,False
 KEDIRI,2024,2,3,-0.3953165504283597,False
 KEDIRI,2024,3,2,-0.600675797404131,False
 KEDIRI,2024,4,2,-0.600675797404131,False
 KEDIRI,2024,5,2,-0.600675797404131,False
 KEDIRI,2024,6,2,-0.600675797404131,False
 KEDIRI,2024,7,13,1.6582759193293533,False
 KEDIRI,2024,8,23,3.7118683890870665,True
 KEDIRI,2024,9,15,2.0689944132808957,False
 KEDIRI,2024,10,7,0.4261204374747255,False
 KEDIRI,2024,12,1,-0.8060350443799024,False
 KEDIRI,2025,4,4,-0.18995730345258843,False
 KEDIRI,2025,5,1,-0.8060350443799024,False
 KEDIRI,2025,6,3,-0.3953165504283597,False
 KEDIRI,2025,7,3,-0.3953165504283597,False
 KEDIRI,2025,8,7,0.4261204374747255,False
 KEDIRI,2025,9,9,0.8368389314262682,False
 KEDIRI,2025,10,6,0.2207611904989542,False
 KEDIRI,2025,12,2,-0.600675797404131,False
 MADIUN,2022,8,1,-0.6210590034081189,False
 MADIUN,2023,8,1,-0.6210590034081189,False
 MADIUN,2023,9,2,1.449137674618944,False
 MADIUN,2023,12,1,-0.6210590034081189,False
 MADIUN,2024,1,2,1.449137674618944,False
 MADIUN,2024,7,2,1.449137674618944,False
 MADIUN,2024,9,1,-0.6210590034081189,False
 MADIUN,2024,10,1,-0.6210590034081189,False
 MADIUN,2025,2,1,-0.6210590034081189,False
 MADIUN,2025,8,1,-0.6210590034081189,False
 MALANG,2022,5,1,-0.7647191129018726,False
 MALANG,2022,7,2,0.611775290321498,False
 MALANG,2023,5,1,-0.7647191129018726,False
 MALANG,2023,7,1,-0.7647191129018726,False
 MALANG,2023,9,2,0.611775290321498,False
 MALANG,2023,10,3,1.9882696935448687,False
 MALANG,2024,5,1,-0.7647191129018726,False
 MALANG,2024,8,2,0.611775290321498,False
 MALANG,2025,4,1,-0.7647191129018726,False
 MOJOKERTO,2022,8,1,-0.4578685464956301,False
 MOJOKERTO,2023,1,1,-0.4578685464956301,False
 MOJOKERTO,2023,8,4,0.36629483719650413,False
 MOJOKERTO,2023,9,12,2.5640638603755286,False
 MOJOKERTO,2023,10,2,-0.183147418598252,False
 MOJOKERTO,2023,11,1,-0.4578685464956301,False
 MOJOKERTO,2024,8,1,-0.4578685464956301,False
 MOJOKERTO,2025,8,1,-0.4578685464956301,False
 MOJOKERTO,2025,9,1,-0.4578685464956301,False
 PASURUAN,2022,7,1,-0.5760078153270579,False
 PASURUAN,2023,7,1,-0.5760078153270579,False
 PASURUAN,2024,7,1,-0.5760078153270579,False
 PASURUAN,2024,8,5,1.9584265721119969,False
 PASURUAN,2024,9,5,1.9584265721119969,False
 PASURUAN,2024,10,2,0.05760078153270574,False
 PASURUAN,2024,11,1,-0.5760078153270579,False
 PASURUAN,2025,8,1,-0.5760078153270579,False
 PASURUAN,2025,9,2,0.05760078153270574,False
 PASURUAN,2025,10,1,-0.5760078153270579,False
 PASURUAN,2025,11,1,-0.5760078153270579,False
 PROBOLINGGO,2023,8,3,1.7928429140015905,False
 PROBOLINGGO,2023,9,1,-0.5976143046671968,False
 PROBOLINGGO,2024,8,1,-0.5976143046671968,False
 PROBOLINGGO,2024,10,1,-0.5976143046671968,False
 PROBOLINGGO,2025,7,1,-0.5976143046671968,False
 PROBOLINGGO,2025,9,2,0.5976143046671968,False
 SURABAYA,2021,2,2,-0.8154802143007089,False
 SURABAYA,2022,2,5,-0.2607640220147616,False
 SURABAYA,2022,3,2,-0.8154802143007089,False
 SURABAYA,2022,4,4,-0.4456694194434107,False
 SURABAYA,2022,5,2,-0.8154802143007089,False
 SURABAYA,2022,6,1,-1.0003856117293581,False
 SURABAYA,2022,8,8,0.2939521702711857,False
 SURABAYA,2022,9,2,-0.8154802143007089,False
 SURABAYA,2022,10,1,-1.0003856117293581,False
 SURABAYA,2022,12,1,-1.0003856117293581,False
 SURABAYA,2023,1,3,-0.6305748168720599,False
 SURABAYA,2023,3,7,0.1090467728425366,False
 SURABAYA,2023,4,3,-0.6305748168720599,False
 SURABAYA,2023,5,4,-0.4456694194434107,False
 SURABAYA,2023,6,5,-0.2607640220147616,False
 SURABAYA,2023,7,6,-0.0758586245861125,False
 SURABAYA,2023,8,12,1.0335737599857822,False
 SURABAYA,2023,9,18,2.1430061445576767,False
 SURABAYA,2023,10,13,1.2184791574144311,False
 SURABAYA,2023,11,19,2.327911541986326,False
 SURABAYA,2023,12,2,-0.8154802143007089,False
 SURABAYA,2024,2,2,-0.8154802143007089,False
 SURABAYA,2024,3,4,-0.4456694194434107,False
 SURABAYA,2024,5,8,0.2939521702711857,False
 SURABAYA,2024,6,5,-0.2607640220147616,False
 SURABAYA,2024,7,9,0.4788575676998348,False
 SURABAYA,2024,8,13,1.2184791574144311,False
 SURABAYA,2024,9,12,1.0335737599857822,False
 SURABAYA,2024,10,18,2.1430061445576767,False
 SURABAYA,2024,11,9,0.4788575676998348,False
 SURABAYA,2025,2,1,-1.0003856117293581,False
 SURABAYA,2025,3,2,-0.8154802143007089,False
 SURABAYA,2025,4,2,-0.8154802143007089,False
 SURABAYA,2025,5,1,-1.0003856117293581,False
 SURABAYA,2025,6,2,-0.8154802143007089,False
 SURABAYA,2025,7,4,-0.4456694194434107,False
 SURABAYA,2025,8,16,1.7731953497003785,False
 SURABAYA,2025,9,13,1.2184791574144311,False
 SURABAYA,2025,10,9,0.4788575676998348,False
BANGKALAN,2021,3,1,-1.013355246399502,False
BANGKALAN,2021,6,1,-1.013355246399502,False
BANGKALAN,2022,7,11,-0.4477616205021055,False
BANGKALAN,2022,8,22,0.17439136798503047,False
BANGKALAN,2022,9,9,-0.5608803456815847,False
BANGKALAN,2022,12,1,-1.013355246399502,False
BANGKALAN,2023,5,5,-0.7871177960405433,False
BANGKALAN,2023,6,39,1.1359005320106044,False
BANGKALAN,2023,7,39,1.1359005320106044,False
BANGKALAN,2023,8,30,0.6268662687029476,False
BANGKALAN,2023,9,21,0.11783200539529085,False
BANGKALAN,2023,10,26,0.400628818343989,False
BANGKALAN,2024,6,27,0.45718818093372865,False
BANGKALAN,2024,7,45,1.4752567075490421,False
BANGKALAN,2024,8,48,1.644934795318261,False
BANGKALAN,2024,9,33,0.7965443564721665,False
BANGKALAN,2024,10,3,-0.9002365212200226,False
BANGKALAN,2025,4,1,-1.013355246399502,False
BANGKALAN,2025,5,1,-1.013355246399502,False
BANGKALAN,2025,6,1,-1.013355246399502,False
BANGKALAN,2025,7,32,0.7399849938824268,False
BANGKALAN,2025,8,53,1.9277316082669589,False
BANGKALAN,2025,9,2,-0.9567958838097622,False
BANGKALAN,2025,10,3,-0.9002365212200226,False
BANYUWANGI,2021,2,1,-0.5910920092121916,False
BANYUWANGI,2021,3,4,-0.5486293869991347,False
BANYUWANGI,2021,6,1,-0.5910920092121916,False
BANYUWANGI,2021,7,3,-0.562783594403487,False
BANYUWANGI,2021,9,1,-0.5910920092121916,False
BANYUWANGI,2021,10,10,-0.46370414257302073,False
BANYUWANGI,2021,12,1,-0.5910920092121916,False
BANYUWANGI,2022,3,4,-0.5486293869991347,False
BANYUWANGI,2022,4,2,-0.5769378018078394,False
BANYUWANGI,2022,5,1,-0.5910920092121916,False
BANYUWANGI,2022,6,11,-0.4495499351686684,False
BANYUWANGI,2022,7,21,-0.30800786112514517,False
BANYUWANGI,2022,8,39,-0.053232127846803305,False
BANYUWANGI,2022,9,85,0.5978614127534037,False
BANYUWANGI,2022,10,5,-0.5344751795947824,False
BANYUWANGI,2022,11,7,-0.5061667647860777,False
BANYUWANGI,2022,12,1,-0.5910920092121916,False
BANYUWANGI,2023,3,2,-0.5769378018078394,False
BANYUWANGI,2023,4,2,-0.5769378018078394,False
BANYUWANGI,2023,5,8,-0.4920125573817254,False
BANYUWANGI,2023,6,54,0.15908098321848158,False
BANYUWANGI,2023,7,59,0.2298520202402432,False
BANYUWANGI,2023,8,231,2.6643756937888434,False
BANYUWANGI,2023,9,162,1.6877353828885326,False
BANYUWANGI,2023,10,249,2.919151427067185,False
BANYUWANGI,2023,11,75,0.4563193387098804,False
BANYUWANGI,2023,12,12,-0.43539572776431607,False
BANYUWANGI,2024,1,3,-0.562783594403487,False
BANYUWANGI,2024,2,1,-0.5910920092121916,False
BANYUWANGI,2024,4,2,-0.5769378018078394,False
BANYUWANGI,2024,5,1,-0.5910920092121916,False
BANYUWANGI,2024,6,27,-0.2230826166990312,False
BANYUWANGI,2024,7,32,-0.15231157967726958,False
BANYUWANGI,2024,8,289,3.485319723241278,True
BANYUWANGI,2024,9,175,1.871740079145113,False
BANYUWANGI,2024,10,102,0.8384829386273932,False
BANYUWANGI,2024,11,24,-0.2655452389120882,False
BANYUWANGI,2025,3,3,-0.562783594403487,False
BANYUWANGI,2025,4,4,-0.5486293869991347,False
BANYUWANGI,2025,5,1,-0.5910920092121916,False
BANYUWANGI,2025,7,13,-0.42124152035996376,False
BANYUWANGI,2025,8,64,0.30062305726200483,False
BANYUWANGI,2025,9,93,0.7110950719882223,False
BANYUWANGI,2025,10,74,0.4421651313055281,False
BANYUWANGI,2025,11,6,-0.52032097219043,False
BANYUWANGI,2025,12,2,-0.5769378018078394,False
BLITAR,2021,10,2,-0.6440057871101004,False
BLITAR,2022,6,3,-0.6054858147969728,False
BLITAR,2022,7,10,-0.3358460086050804,False
BLITAR,2022,8,3,-0.6054858147969728,False
BLITAR,2022,9,10,-0.3358460086050804,False
BLITAR,2022,10,4,-0.5669658424838454,False
BLITAR,2022,12,1,-0.6825257594232279,False
BLITAR,2023,4,1,-0.6825257594232279,False
BLITAR,2023,5,8,-0.41288595323133537,False
BLITAR,2023,6,19,0.01083374221306711,False
BLITAR,2023,7,12,-0.2588060639788254,False
BLITAR,2023,8,33,0.5501133545968521,False
BLITAR,2023,9,71,2.013872302495697,False
BLITAR,2023,10,65,1.782752468616932,False
BLITAR,2023,11,15,-0.14324614703944288,False
BLITAR,2023,12,10,-0.3358460086050804,False
BLITAR,2024,1,2,-0.6440057871101004,False
BLITAR,2024,2,1,-0.6825257594232279,False
BLITAR,2024,4,1,-0.6825257594232279,False
BLITAR,2024,5,2,-0.6440057871101004,False
BLITAR,2024,6,15,-0.14324614703944288,False
BLITAR,2024,7,33,0.5501133545968521,False
BLITAR,2024,8,100,3.1309514995763945,True
BLITAR,2024,9,87,2.630191859505737,False
BLITAR,2024,10,32,0.5115933822837246,False
BLITAR,2024,11,2,-0.6440057871101004,False
BLITAR,2025,5,1,-0.6825257594232279,False
BLITAR,2025,6,9,-0.3743659809182079,False
BLITAR,2025,7,12,-0.2588060639788254,False
BLITAR,2025,8,17,-0.06620620241318789,False
BLITAR,2025,9,6,-0.4899258978575904,False
BLITAR,2025,10,12,-0.2588060639788254,False
BOJONEGORO,2022,2,1,-0.6720035513425571,False
BOJONEGORO,2022,4,2,-0.6636775161524648,False
BOJONEGORO,2022,5,14,-0.5637650938713578,False
BOJONEGORO,2022,6,23,-0.4888307771605275,False
BOJONEGORO,2022,7,10,-0.5970692346317268,False
BOJONEGORO,2022,8,28,-0.4472006012100662,False
BOJONEGORO,2022,9,56,-0.21407161588748308,False
BOJONEGORO,2022,10,6,-0.6303733753920958,False
BOJONEGORO,2022,11,10,-0.5970692346317268,False
BOJONEGORO,2022,12,3,-0.6553514809623726,False
BOJONEGORO,2023,2,3,-0.6553514809623726,False
BOJONEGORO,2023,3,23,-0.4888307771605275,False
BOJONEGORO,2023,4,28,-0.4472006012100662,False
BOJONEGORO,2023,5,51,-0.25570179183794434,False
BOJONEGORO,2023,6,113,0.2605123899477755,False
BOJONEGORO,2023,7,283,1.6759383722634589,False
BOJONEGORO,2023,8,399,2.6417584543141603,False
BOJONEGORO,2023,9,295,1.7758507945445658,False
BOJONEGORO,2023,10,190,0.9016170995848791,False
BOJONEGORO,2023,11,79,-0.022572806515361202,False
BOJONEGORO,2023,12,34,-0.3972443900695127,False
BOJONEGORO,2024,1,15,-0.5554390586812655,False
BOJONEGORO,2024,2,23,-0.4888307771605275,False
BOJONEGORO,2024,3,25,-0.47217870678034296,False
BOJONEGORO,2024,4,15,-0.5554390586812655,False
BOJONEGORO,2024,5,87,0.044035475005376835,False
BOJONEGORO,2024,6,76,-0.04755091208563797,False
BOJONEGORO,2024,7,162,0.6684881142622959,False
BOJONEGORO,2024,8,613,4.423529984993903,True
BOJONEGORO,2024,9,233,1.259636612758846,False
BOJONEGORO,2024,10,45,-0.3056580029784979,False
BOJONEGORO,2024,11,26,-0.46385267159025073,False
BOJONEGORO,2024,12,9,-0.605395269821819,False
BOJONEGORO,2025,1,4,-0.6470254457722803,False
BOJONEGORO,2025,2,18,-0.5304609531109887,False
BOJONEGORO,2025,3,30,-0.4305485308298817,False
BOJONEGORO,2025,4,36,-0.38059231968932816,False
BOJONEGORO,2025,5,36,-0.38059231968932816,False
BOJONEGORO,2025,6,52,-0.24737575664785208,False
BOJONEGORO,2025,7,93,0.09399168614593037,False
BOJONEGORO,2025,8,142,0.5019674104604509,False
BOJONEGORO,2025,9,159,0.6435100086920192,False
BOJONEGORO,2025,10,92,0.08566565095583811,False
BOJONEGORO,2025,11,14,-0.5637650938713578,False
BOJONEGORO,2025,12,21,-0.505482847540712,False
BONDOWOSO,2021,2,1,-0.539672622559171,False
BONDOWOSO,2021,6,1,-0.539672622559171,False
BONDOWOSO,2021,9,2,-0.5292896593510975,False
BONDOWOSO,2021,10,4,-0.5085237329349505,False
BONDOWOSO,2022,2,2,-0.5292896593510975,False
BONDOWOSO,2022,4,1,-0.539672622559171,False
BONDOWOSO,2022,5,24,-0.3008644687734797,False
BONDOWOSO,2022,6,28,-0.25933261594118556,False
BONDOWOSO,2022,7,15,-0.39431113764614156,False
BONDOWOSO,2022,8,21,-0.3320133583977003,False
BONDOWOSO,2022,9,54,0.01062442746872643,False
BONDOWOSO,2022,10,1,-0.539672622559171,False
BONDOWOSO,2023,1,7,-0.4773748433107298,False
BONDOWOSO,2023,4,1,-0.539672622559171,False
BONDOWOSO,2023,5,5,-0.49814076972687693,False
BONDOWOSO,2023,6,36,-0.17626891027659725,False
BONDOWOSO,2023,7,60,0.07292220671716766,False
BONDOWOSO,2023,8,192,1.4434733501828745,False
BONDOWOSO,2023,9,355,3.135896353098861,True
BONDOWOSO,2023,10,457,4.194958600322362,True
BONDOWOSO,2023,11,88,0.3636451765432267,False
BONDOWOSO,2023,12,11,-0.4358429904784357,False
BONDOWOSO,2024,2,1,-0.539672622559171,False
BONDOWOSO,2024,3,1,-0.539672622559171,False
BONDOWOSO,2024,5,9,-0.4566089168945828,False
BONDOWOSO,2024,6,11,-0.4358429904784357,False
BONDOWOSO,2024,7,41,-0.12435409423622956,False
BONDOWOSO,2024,8,129,0.7893466680742417,False
BONDOWOSO,2024,9,110,0.5920703671208446,False
BONDOWOSO,2024,10,263,2.180663737956096,False
BONDOWOSO,2024,11,14,-0.4046941008542151,False
BONDOWOSO,2024,12,4,-0.5085237329349505,False
BONDOWOSO,2025,2,2,-0.5292896593510975,False
BONDOWOSO,2025,3,1,-0.539672622559171,False
BONDOWOSO,2025,4,7,-0.4773748433107298,False
BONDOWOSO,2025,5,13,-0.4150770640622886,False
BONDOWOSO,2025,6,30,-0.23856668952503848,False
BONDOWOSO,2025,7,53,0.00024146426065289184,False
BONDOWOSO,2025,8,74,0.21828369163019717,False
BONDOWOSO,2025,9,91,0.39479406616744733,False
BONDOWOSO,2025,10,55,0.021007390676799968,False
BONDOWOSO,2025,11,1,-0.539672622559171,False
BONDOWOSO,2025,12,2,-0.5292896593510975,False
GRESIK,2021,5,1,-0.7157597308041762,False
GRESIK,2021,9,1,-0.7157597308041762,False
GRESIK,2021,10,1,-0.7157597308041762,False
GRESIK,2022,2,8,-0.4851593154404876,False
GRESIK,2022,3,1,-0.7157597308041762,False
GRESIK,2022,4,5,-0.5839880648820684,False
GRESIK,2022,5,3,-0.6498738978431223,False
GRESIK,2022,6,1,-0.7157597308041762,False
GRESIK,2022,7,11,-0.3863305659989068,False
GRESIK,2022,8,12,-0.35338764951837986,False
GRESIK,2022,9,34,0.3713565130532128,False
GRESIK,2022,10,2,-0.6828168143236493,False
GRESIK,2022,11,1,-0.7157597308041762,False
GRESIK,2023,3,5,-0.5839880648820684,False
GRESIK,2023,5,17,-0.1886730671157452,False
GRESIK,2023,6,18,-0.15573015063521825,False
GRESIK,2023,7,45,0.7337285943390092,False
GRESIK,2023,8,89,2.1832169194821947,False
GRESIK,2023,9,71,1.5902444228327095,False
GRESIK,2023,10,73,1.6561302557937634,False
GRESIK,2023,11,23,0.00898443176741646,False
GRESIK,2023,12,5,-0.5839880648820684,False
GRESIK,2024,1,2,-0.6828168143236493,False
GRESIK,2024,2,9,-0.4522163989599607,False
GRESIK,2024,3,3,-0.6498738978431223,False
GRESIK,2024,4,4,-0.6169309813625954,False
GRESIK,2024,5,4,-0.6169309813625954,False
GRESIK,2024,6,29,0.2066419306505781,False
GRESIK,2024,7,24,0.0419273482479434,False
GRESIK,2024,8,140,3.8633056599890687,True
GRESIK,2024,9,82,1.952616504118506,False
GRESIK,2024,10,71,1.5902444228327095,False
GRESIK,2024,11,16,-0.22161598359627213,False
GRESIK,2025,1,1,-0.7157597308041762,False
GRESIK,2025,2,15,-0.25455890007679904,False
GRESIK,2025,3,5,-0.5839880648820684,False
GRESIK,2025,4,8,-0.4851593154404876,False
GRESIK,2025,5,5,-0.5839880648820684,False
GRESIK,2025,6,4,-0.6169309813625954,False
GRESIK,2025,7,24,0.0419273482479434,False
GRESIK,2025,8,46,0.7666715108195361,False
GRESIK,2025,9,44,0.7007856778584822,False
GRESIK,2025,10,34,0.3713565130532128,False
GRESIK,2025,12,3,-0.6498738978431223,False
JEMBER,2021,9,1,-0.6121493143863027,False
JEMBER,2021,10,3,-0.5646695891707446,False
JEMBER,2022,3,4,-0.5409297265629656,False
JEMBER,2022,4,6,-0.49345000134740746,False
JEMBER,2022,5,6,-0.49345000134740746,False
JEMBER,2022,6,13,-0.32727096309295406,False
JEMBER,2022,7,13,-0.32727096309295406,False
JEMBER,2022,8,5,-0.5171898639551865,False
JEMBER,2022,9,22,-0.11361219962294258,False
JEMBER,2022,10,4,-0.5409297265629656,False
JEMBER,2022,11,5,-0.5171898639551865,False
JEMBER,2023,3,10,-0.3984905509162912,False
JEMBER,2023,5,15,-0.27979123787739596,False
JEMBER,2023,6,27,0.005087113415952678,False
JEMBER,2023,7,24,-0.06613247440738448,False
JEMBER,2023,8,47,0.47988436557153374,False
JEMBER,2023,9,142,2.735171313310544,False
JEMBER,2023,10,195,3.993384031522834,True
JEMBER,2023,11,36,0.21874587688596417,False
JEMBER,2023,12,7,-0.4697101387396284,False
JEMBER,2024,1,2,-0.5884094517785237,False
JEMBER,2024,2,8,-0.44597027613184936,False
JEMBER,2024,3,5,-0.5171898639551865,False
JEMBER,2024,4,2,-0.5884094517785237,False
JEMBER,2024,5,3,-0.5646695891707446,False
JEMBER,2024,6,15,-0.27979123787739596,False
JEMBER,2024,7,35,0.19500601427818512,False
JEMBER,2024,8,102,1.7855768089993818,False
JEMBER,2024,9,124,2.307853786370521,False
JEMBER,2024,10,86,1.4057390072749167,False
JEMBER,2024,11,9,-0.42223041352407026,False
JEMBER,2025,2,4,-0.5409297265629656,False
JEMBER,2025,3,3,-0.5646695891707446,False
JEMBER,2025,4,6,-0.49345000134740746,False
JEMBER,2025,5,11,-0.37475068830851216,False
JEMBER,2025,6,10,-0.3984905509162912,False
JEMBER,2025,7,20,-0.16109192483850068,False
JEMBER,2025,8,44,0.4086647777481966,False
JEMBER,2025,9,28,0.028826976023731733,False
JEMBER,2025,10,17,-0.23231151266183786,False
JEMBER,2025,11,2,-0.5884094517785237,False
JEMBER,2025,12,4,-0.5409297265629656,False
JOMBANG,2021,4,2,-0.6333019566176536,False
JOMBANG,2021,6,1,-0.6589200037809265,False
JOMBANG,2021,7,3,-0.6076839094543808,False
JOMBANG,2021,9,2,-0.6333019566176536,False
JOMBANG,2022,3,1,-0.6589200037809265,False
JOMBANG,2022,4,12,-0.37712148498492454,False
JOMBANG,2022,5,5,-0.5564478151278349,False
JOMBANG,2022,6,8,-0.4795936736380162,False
JOMBANG,2022,7,6,-0.530829767964562,False
JOMBANG,2022,8,18,-0.22341320200528703,False
JOMBANG,2022,9,13,-0.3515034378216516,False
JOMBANG,2022,10,7,-0.5052117208012891,False
JOMBANG,2023,4,4,-0.5820658622911078,False
JOMBANG,2023,5,15,-0.30026734349510575,False
JOMBANG,2023,6,27,0.007149222464169198,False
JOMBANG,2023,7,80,1.3649057221176337,False
JOMBANG,2023,8,127,2.5689539387914606,False
JOMBANG,2023,9,100,1.8772666653830918,False
JOMBANG,2023,10,108,2.0822110426892753,False
JOMBANG,2023,11,16,-0.2746492963318329,False
JOMBANG,2023,12,7,-0.5052117208012891,False
JOMBANG,2024,1,2,-0.6333019566176536,False
JOMBANG,2024,3,1,-0.6589200037809265,False
JOMBANG,2024,4,3,-0.6076839094543808,False
JOMBANG,2024,5,5,-0.5564478151278349,False
JOMBANG,2024,6,21,-0.1465590605154683,False
JOMBANG,2024,7,56,0.7500725901990837,False
JOMBANG,2024,8,151,3.1837870707100104,True
JOMBANG,2024,9,110,2.133447137015821,False
JOMBANG,2024,10,62,0.9037808731787211,False
JOMBANG,2024,12,1,-0.6589200037809265,False
JOMBANG,2025,1,1,-0.6589200037809265,False
JOMBANG,2025,2,1,-0.6589200037809265,False
JOMBANG,2025,3,3,-0.6076839094543808,False
JOMBANG,2025,4,3,-0.6076839094543808,False
JOMBANG,2025,5,5,-0.5564478151278349,False
JOMBANG,2025,6,6,-0.530829767964562,False
JOMBANG,2025,7,37,0.2633296940968983,False
JOMBANG,2025,8,33,0.16085750544380667,False
JOMBANG,2025,9,49,0.5707462600561733,False
JOMBANG,2025,10,33,0.16085750544380667,False
JOMBANG,2025,11,1,-0.6589200037809265,False
JOMBANG,2025,12,3,-0.6076839094543808,False
KEDIRI,2021,3,1,-0.6474075014713994,False
KEDIRI,2021,5,1,-0.6474075014713994,False
KEDIRI,2021,7,1,-0.6474075014713994,False
KEDIRI,2021,9,1,-0.6474075014713994,False
KEDIRI,2021,10,3,-0.5857496441884089,False
KEDIRI,2021,11,2,-0.6165785728299041,False
KEDIRI,2022,2,1,-0.6474075014713994,False
KEDIRI,2022,3,2,-0.6165785728299041,False
KEDIRI,2022,4,5,-0.5240917869054186,False
KEDIRI,2022,5,1,-0.6474075014713994,False
KEDIRI,2022,6,5,-0.5240917869054186,False
KEDIRI,2022,7,8,-0.4316050009809329,False
KEDIRI,2022,8,11,-0.3391182150564473,False
KEDIRI,2022,9,22,0.0,False
KEDIRI,2022,10,9,-0.4007760723394377,False
KEDIRI,2022,11,2,-0.6165785728299041,False
KEDIRI,2022,12,10,-0.3699471436979425,False
KEDIRI,2023,1,10,-0.3699471436979425,False
KEDIRI,2023,3,8,-0.4316050009809329,False
KEDIRI,2023,4,6,-0.49326285826392335,False
KEDIRI,2023,5,12,-0.30828928641495207,False
KEDIRI,2023,6,27,0.15414464320747603,False
KEDIRI,2023,7,56,1.0481835738108372,False
KEDIRI,2023,8,95,2.25051179082915,False
KEDIRI,2023,9,109,2.682116791810083,False
KEDIRI,2023,10,78,1.7264200039237316,False
KEDIRI,2023,11,54,0.9865257165278467,False
KEDIRI,2023,12,28,0.18497357184897126,False
KEDIRI,2024,1,2,-0.6165785728299041,False
KEDIRI,2024,2,9,-0.4007760723394377,False
KEDIRI,2024,3,3,-0.5857496441884089,False
KEDIRI,2024,4,3,-0.5857496441884089,False
KEDIRI,2024,5,9,-0.4007760723394377,False
KEDIRI,2024,6,11,-0.3391182150564473,False
KEDIRI,2024,7,32,0.30828928641495207,False
KEDIRI,2024,8,110,2.7129457204515783,False
KEDIRI,2024,9,90,2.0963671476216743,False
KEDIRI,2024,10,124,3.1445507214325112,True
KEDIRI,2024,11,2,-0.6165785728299041,False
KEDIRI,2024,12,8,-0.4316050009809329,False
KEDIRI,2025,3,2,-0.6165785728299041,False
KEDIRI,2025,4,5,-0.5240917869054186,False
KEDIRI,2025,5,5,-0.5240917869054186,False
KEDIRI,2025,6,13,-0.2774603577734569,False
KEDIRI,2025,7,25,0.09248678592448563,False
KEDIRI,2025,8,33,0.3391182150564473,False
KEDIRI,2025,9,27,0.15414464320747603,False
KEDIRI,2025,10,17,-0.15414464320747603,False
KEDIRI,2025,11,1,-0.6474075014713994,False
KEDIRI,2025,12,1,-0.6474075014713994,False
LAMONGAN,2021,4,2,-0.5097810366660508,False
LAMONGAN,2021,5,1,-0.5273596931028112,False
LAMONGAN,2021,6,1,-0.5273596931028112,False
LAMONGAN,2021,9,2,-0.5097810366660508,False
LAMONGAN,2021,10,1,-0.5273596931028112,False
LAMONGAN,2022,3,1,-0.5273596931028112,False
LAMONGAN,2022,4,2,-0.5097810366660508,False
LAMONGAN,2022,5,3,-0.49220238022929047,False
LAMONGAN,2022,6,7,-0.42188775448224897,False
LAMONGAN,2022,7,7,-0.42188775448224897,False
LAMONGAN,2022,8,16,-0.2636798465514056,False
LAMONGAN,2022,9,39,0.14062925149408298,False
LAMONGAN,2022,10,8,-0.4043090980454886,False
LAMONGAN,2022,11,2,-0.5097810366660508,False
LAMONGAN,2022,12,6,-0.43946641091900934,False
LAMONGAN,2023,4,3,-0.49220238022929047,False
LAMONGAN,2023,5,6,-0.43946641091900934,False
LAMONGAN,2023,6,31,0.0,False
LAMONGAN,2023,7,81,0.8789328218380187,False
LAMONGAN,2023,8,140,1.9160735516068808,False
LAMONGAN,2023,9,159,2.2500680239053277,False
LAMONGAN,2023,10,50,0.3339944722984471,False
LAMONGAN,2023,11,8,-0.4043090980454886,False
LAMONGAN,2024,1,1,-0.5273596931028112,False
LAMONGAN,2024,2,1,-0.5273596931028112,False
LAMONGAN,2024,3,2,-0.5097810366660508,False
LAMONGAN,2024,5,3,-0.49220238022929047,False
LAMONGAN,2024,6,3,-0.49220238022929047,False
LAMONGAN,2024,7,57,0.4570450673557697,False
LAMONGAN,2024,8,242,3.709096508156439,True
LAMONGAN,2024,9,208,3.111422189306586,True
LAMONGAN,2024,10,54,0.4043090980454886,False
LAMONGAN,2024,11,4,-0.4746237237925301,False
LAMONGAN,2025,3,1,-0.5273596931028112,False
LAMONGAN,2025,4,1,-0.5273596931028112,False
LAMONGAN,2025,5,1,-0.5273596931028112,False
LAMONGAN,2025,6,3,-0.49220238022929047,False
LAMONGAN,2025,7,11,-0.35157312873520746,False
LAMONGAN,2025,8,26,-0.08789328218380187,False
LAMONGAN,2025,9,42,0.1933652208043641,False
LAMONGAN,2025,10,35,0.07031462574704149,False
LUMAJANG,2021,1,3,-0.6747684165723117,False
LUMAJANG,2021,2,3,-0.6747684165723117,False
LUMAJANG,2021,3,1,-0.692160874666574,False
LUMAJANG,2021,4,1,-0.692160874666574,False
LUMAJANG,2021,5,17,-0.5530212099124756,False
LUMAJANG,2021,6,9,-0.6225910422895249,False
LUMAJANG,2021,7,5,-0.6573759584780494,False
LUMAJANG,2021,9,1,-0.692160874666574,False
LUMAJANG,2021,10,5,-0.6573759584780494,False
LUMAJANG,2021,11,1,-0.692160874666574,False
LUMAJANG,2021,12,25,-0.4834513775354265,False
LUMAJANG,2022,1,9,-0.6225910422895249,False
LUMAJANG,2022,2,56,-0.2138682770743609,False
LUMAJANG,2022,3,36,-0.3877928580169839,False
LUMAJANG,2022,4,58,-0.19647581898009858,False
LUMAJANG,2022,5,244,1.421022783786295,False
LUMAJANG,2022,6,238,1.368845409503508,False
LUMAJANG,2022,7,71,-0.08342484136739367,False
LUMAJANG,2022,8,30,-0.4399702322997707,False
LUMAJANG,2022,9,48,-0.28343810945141007,False
LUMAJANG,2022,10,25,-0.4834513775354265,False
LUMAJANG,2022,11,16,-0.5617174389596068,False
LUMAJANG,2022,12,14,-0.5791098970538691,False
LUMAJANG,2023,1,28,-0.45736269039403304,False
LUMAJANG,2023,2,7,-0.6399835003837872,False
LUMAJANG,2023,3,75,-0.04863992517886908,False
LUMAJANG,2023,4,35,-0.396489087064115,False
LUMAJANG,2023,5,250,1.4732001580690819,False
LUMAJANG,2023,6,587,4.4038293469522785,True
LUMAJANG,2023,7,445,3.168964822259656,True
LUMAJANG,2023,8,385,2.6471910794317868,False
LUMAJANG,2023,9,162,0.7079320019215408,False
LUMAJANG,2023,10,98,0.1513733429051473,False
LUMAJANG,2023,11,59,-0.18777958993296745,False
LUMAJANG,2023,12,58,-0.19647581898009858,False
LUMAJANG,2024,1,21,-0.5182362937239511,False
LUMAJANG,2024,2,25,-0.4834513775354265,False
LUMAJANG,2024,3,11,-0.6051985841952625,False
LUMAJANG,2024,4,14,-0.5791098970538691,False
LUMAJANG,2024,5,56,-0.2138682770743609,False
LUMAJANG,2024,6,272,1.6645171971059671,False
LUMAJANG,2024,7,179,0.8557678957227703,False
LUMAJANG,2024,8,128,0.4122602143190818,False
LUMAJANG,2024,9,125,0.3861715271776883,False
LUMAJANG,2024,10,100,0.16876580099940963,False
LUMAJANG,2024,11,48,-0.28343810945141007,False
LUMAJANG,2024,12,8,-0.631287271336656,False
LUMAJANG,2025,1,3,-0.6747684165723117,False
LUMAJANG,2025,2,4,-0.6660721875251806,False
LUMAJANG,2025,3,14,-0.5791098970538691,False
LUMAJANG,2025,4,30,-0.4399702322997707,False
LUMAJANG,2025,5,17,-0.5530212099124756,False
LUMAJANG,2025,6,32,-0.42257777420550846,False
LUMAJANG,2025,7,97,0.14267711385801618,False
LUMAJANG,2025,8,94,0.11658842671662273,False
LUMAJANG,2025,9,83,0.020929907198180102,False
LUMAJANG,2025,10,93,0.10789219766949158,False
LUMAJANG,2025,11,69,-0.10081729946165596,False
LUMAJANG,2025,12,127,0.4035639852719506,False
MADIUN,2021,7,2,-0.6165199011567472,False
MADIUN,2021,10,1,-0.6294120275438935,False
MADIUN,2022,6,1,-0.6294120275438935,False
MADIUN,2022,7,5,-0.5778435219953082,False
MADIUN,2022,8,16,-0.4360301317366987,False
MADIUN,2022,9,45,-0.06215846650945544,False
MADIUN,2022,10,1,-0.6294120275438935,False
MADIUN,2022,12,1,-0.6294120275438935,False
MADIUN,2023,4,1,-0.6294120275438935,False
MADIUN,2023,5,1,-0.6294120275438935,False
MADIUN,2023,6,22,-0.3586773734138208,False
MADIUN,2023,7,142,1.1883777930437374,False
MADIUN,2023,8,170,1.5493573318838343,False
MADIUN,2023,9,128,1.0078880236236891,False
MADIUN,2023,10,57,0.09254705013630038,False
MADIUN,2023,11,8,-0.5391671428338692,False
MADIUN,2023,12,4,-0.5907356483824545,False
MADIUN,2024,1,2,-0.6165199011567472,False
MADIUN,2024,2,1,-0.6294120275438935,False
MADIUN,2024,6,2,-0.6165199011567472,False
MADIUN,2024,7,112,0.8016140014293479,False
MADIUN,2024,8,338,3.7152345649244163,True
MADIUN,2024,9,141,1.1754856666565912,False
MADIUN,2024,10,13,-0.47470651089813765,False
MADIUN,2025,7,3,-0.6036277747696008,False
MADIUN,2025,8,66,0.20857618762061725,False
MADIUN,2025,9,94,0.5695557264607142,False
MADIUN,2025,10,18,-0.41024587896240605,False
MAGETAN,2021,9,1,-0.43266632247630965,False
MAGETAN,2022,6,2,-0.4135217949331101,False
MAGETAN,2022,7,3,-0.3943772673899106,False
MAGETAN,2022,8,1,-0.43266632247630965,False
MAGETAN,2022,9,16,-0.14549840932831654,False
MAGETAN,2022,12,2,-0.4135217949331101,False
MAGETAN,2023,6,4,-0.375232739846711,False
MAGETAN,2023,7,34,0.19910308644927519,False
MAGETAN,2023,8,63,0.7542943852020619,False
MAGETAN,2023,9,38,0.27568119662207335,False
MAGETAN,2023,10,261,4.5449108387555714,True
MAGETAN,2023,11,4,-0.375232739846711,False
MAGETAN,2024,1,1,-0.43266632247630965,False
MAGETAN,2024,5,1,-0.43266632247630965,False
MAGETAN,2024,6,5,-0.3560882123035115,False
MAGETAN,2024,7,16,-0.14549840932831654,False
MAGETAN,2024,8,49,0.4862709995972683,False
MAGETAN,2024,9,34,0.19910308644927519,False
MAGETAN,2024,10,11,-0.24122104704431424,False
MAGETAN,2024,11,1,-0.43266632247630965,False
MAGETAN,2025,6,2,-0.4135217949331101,False
MAGETAN,2025,7,9,-0.2795101021307133,False
MAGETAN,2025,8,12,-0.2220765195011147,False
MAGETAN,2025,9,13,-0.20293199195791517,False
MAGETAN,2025,10,7,-0.3177991572171124,False
MALANG,2021,1,3,-0.9863220041648623,False
MALANG,2021,2,1,-1.0096257779420217,False
MALANG,2021,3,1,-1.0096257779420217,False
MALANG,2021,5,9,-0.9164106828333839,False
MALANG,2021,6,2,-0.9979738910534419,False
MALANG,2021,7,1,-1.0096257779420217,False
MALANG,2021,10,1,-1.0096257779420217,False
MALANG,2021,11,1,-1.0096257779420217,False
MALANG,2021,12,8,-0.9280625697219637,False
MALANG,2022,1,4,-0.9746701172762825,False
MALANG,2022,2,32,-0.6484172843960504,False
MALANG,2022,3,36,-0.6018097368417316,False
MALANG,2022,4,86,-0.01921539241274555,False
MALANG,2022,5,141,0.621638386459139,False
MALANG,2022,6,132,0.5167714044619215,False
MALANG,2022,7,70,-0.20564558263002106,False
MALANG,2022,8,34,-0.625113510618891,False
MALANG,2022,9,50,-0.43868332040161545,False
MALANG,2022,10,17,-0.8231955877247462,False
MALANG,2022,11,11,-0.8931069090562245,False
MALANG,2022,12,19,-0.7998918139475868,False
MALANG,2023,1,25,-0.7299804926161084,False
MALANG,2023,2,20,-0.788239927059007,False
MALANG,2023,3,96,0.09730347647305164,False
MALANG,2023,4,58,-0.3454682252929777,False
MALANG,2023,5,190,1.1925808439995453,False
MALANG,2023,6,217,1.507181789991198,False
MALANG,2023,7,240,1.7751751884285314,False
MALANG,2023,8,283,2.2762063246374593,False
MALANG,2023,9,360,3.1734016150580975,True
MALANG,2023,10,256,1.961605378645807,False
MALANG,2023,11,120,0.3769487617989649,False
MALANG,2023,12,111,0.2720817798017474,False
MALANG,2024,1,35,-0.6134616237303112,False
MALANG,2024,2,60,-0.32216445151581824,False
MALANG,2024,3,31,-0.6600691712846302,False
MALANG,2024,4,34,-0.625113510618891,False
MALANG,2024,5,117,0.34199310113322573,False
MALANG,2024,6,196,1.2624921653310235,False
MALANG,2024,7,128,0.47016385690760265,False
MALANG,2024,8,279,2.2295987770831402,False
MALANG,2024,9,210,1.4256185817711395,False
MALANG,2024,10,169,0.9478912193393711,False
MALANG,2024,11,91,0.03904404203015305,False
MALANG,2024,12,18,-0.8115437008361664,False
MALANG,2025,1,19,-0.7998918139475868,False
MALANG,2025,2,25,-0.7299804926161084,False
MALANG,2025,3,35,-0.6134616237303112,False
MALANG,2025,4,104,0.1905185715816894,False
MALANG,2025,5,53,-0.40372765973587627,False
MALANG,2025,6,96,0.09730347647305164,False
MALANG,2025,7,127,0.45851197001902294,False
MALANG,2025,8,137,0.5750308389048201,False
MALANG,2025,9,132,0.5167714044619215,False
MALANG,2025,10,122,0.40025253557612434,False
MALANG,2025,11,56,-0.36877199907013714,False
MALANG,2025,12,87,-0.007563505524165832,False
MOJOKERTO,2021,1,5,-0.4322252655381275,False
MOJOKERTO,2021,2,2,-0.4895744949236212,False
MOJOKERTO,2021,3,3,-0.47045808512845666,False
MOJOKERTO,2021,4,5,-0.4322252655381275,False
MOJOKERTO,2021,5,2,-0.4895744949236212,False
MOJOKERTO,2021,6,4,-0.4513416753332921,False
MOJOKERTO,2021,7,1,-0.5086909047187858,False
MOJOKERTO,2021,9,2,-0.4895744949236212,False
MOJOKERTO,2021,10,3,-0.47045808512845666,False
MOJOKERTO,2021,11,2,-0.4895744949236212,False
MOJOKERTO,2021,12,2,-0.4895744949236212,False
MOJOKERTO,2022,1,2,-0.4895744949236212,False
MOJOKERTO,2022,2,6,-0.41310885574296297,False
MOJOKERTO,2022,3,16,-0.22194475779131734,False
MOJOKERTO,2022,4,16,-0.22194475779131734,False
MOJOKERTO,2022,5,4,-0.4513416753332921,False
MOJOKERTO,2022,6,9,-0.35575962635746927,False
MOJOKERTO,2022,7,16,-0.22194475779131734,False
MOJOKERTO,2022,8,13,-0.27929398717681103,False
MOJOKERTO,2022,9,17,-0.2028283479961528,False
MOJOKERTO,2022,10,9,-0.35575962635746927,False
MOJOKERTO,2022,11,3,-0.47045808512845666,False
MOJOKERTO,2022,12,3,-0.47045808512845666,False
MOJOKERTO,2023,1,2,-0.4895744949236212,False
MOJOKERTO,2023,2,1,-0.5086909047187858,False
MOJOKERTO,2023,3,10,-0.3366432165623047,False
MOJOKERTO,2023,4,4,-0.4513416753332921,False
MOJOKERTO,2023,5,16,-0.22194475779131734,False
MOJOKERTO,2023,6,45,0.33243112626845495,False
MOJOKERTO,2023,7,82,1.0397382886895437,False
MOJOKERTO,2023,8,143,2.205839286194582,False
MOJOKERTO,2023,9,174,2.7984479898446835,False
MOJOKERTO,2023,10,291,5.035067935878938,True
MOJOKERTO,2023,11,60,0.6191772731959233,False
MOJOKERTO,2023,12,4,-0.4513416753332921,False
MOJOKERTO,2024,1,2,-0.4895744949236212,False
MOJOKERTO,2024,2,6,-0.41310885574296297,False
MOJOKERTO,2024,3,5,-0.4322252655381275,False
MOJOKERTO,2024,4,4,-0.4513416753332921,False
MOJOKERTO,2024,5,8,-0.3748760361526339,False
MOJOKERTO,2024,6,29,0.026568569545821964,False
MOJOKERTO,2024,7,61,0.6382936829910879,False
MOJOKERTO,2024,8,160,2.5308182527123795,False
MOJOKERTO,2024,9,104,1.460299304183164,False
MOJOKERTO,2024,10,75,0.9059234201233918,False
MOJOKERTO,2024,11,7,-0.3939924459477984,False
MOJOKERTO,2024,12,1,-0.5086909047187858,False
MOJOKERTO,2025,1,2,-0.4895744949236212,False
MOJOKERTO,2025,2,1,-0.5086909047187858,False
MOJOKERTO,2025,3,3,-0.47045808512845666,False
MOJOKERTO,2025,4,10,-0.3366432165623047,False
MOJOKERTO,2025,5,4,-0.4513416753332921,False
MOJOKERTO,2025,6,3,-0.47045808512845666,False
MOJOKERTO,2025,7,19,-0.16459552840582367,False
MOJOKERTO,2025,8,44,0.3133147164732904,False
MOJOKERTO,2025,9,49,0.40889676544911324,False
MOJOKERTO,2025,10,48,0.38978035565394864,False
MOJOKERTO,2025,11,6,-0.41310885574296297,False
MOJOKERTO,2025,12,1,-0.5086909047187858,False
NGANJUK,2021,7,1,-0.5386731294363323,False
NGANJUK,2021,9,1,-0.5386731294363323,False
NGANJUK,2022,2,1,-0.5386731294363323,False
NGANJUK,2022,6,1,-0.5386731294363323,False
NGANJUK,2022,7,7,-0.46975972268541555,False
NGANJUK,2022,8,28,-0.22856279905720706,False
NGANJUK,2022,9,35,-0.1481638245144709,False
NGANJUK,2022,10,10,-0.4353030193099572,False
NGANJUK,2022,11,2,-0.5271875616445127,False
NGANJUK,2023,1,2,-0.5271875616445127,False
NGANJUK,2023,2,1,-0.5386731294363323,False
NGANJUK,2023,3,1,-0.5386731294363323,False
NGANJUK,2023,4,7,-0.46975972268541555,False
NGANJUK,2023,5,3,-0.5157019938526933,False
NGANJUK,2023,6,23,-0.2859906380163043,False
NGANJUK,2023,7,135,1.0003929546674741,False
NGANJUK,2023,8,278,2.6428291488976554,False
NGANJUK,2023,9,265,2.4935167676040026,False
NGANJUK,2023,10,86,0.4376001328683211,False
NGANJUK,2023,11,23,-0.2859906380163043,False
NGANJUK,2023,12,7,-0.46975972268541555,False
NGANJUK,2024,1,9,-0.4467885871017766,False
NGANJUK,2024,2,2,-0.5271875616445127,False
NGANJUK,2024,3,2,-0.5271875616445127,False
NGANJUK,2024,5,2,-0.5271875616445127,False
NGANJUK,2024,6,11,-0.4238174515181377,False
NGANJUK,2024,7,131,0.9544506835001964,False
NGANJUK,2024,8,377,3.7799003602877814,True
NGANJUK,2024,9,178,1.4942723697157105,False
NGANJUK,2024,10,26,-0.25153393464084595,False
NGANJUK,2024,11,5,-0.49273085826905444,False
NGANJUK,2025,3,1,-0.5386731294363323,False
NGANJUK,2025,4,2,-0.5271875616445127,False
NGANJUK,2025,5,3,-0.5157019938526933,False
NGANJUK,2025,6,2,-0.5271875616445127,False
NGANJUK,2025,7,17,-0.35490404476722104,False
NGANJUK,2025,8,59,0.12748980248919592,False
NGANJUK,2025,9,109,0.7017681920801685,False
NGANJUK,2025,10,58,0.11600423469737647,False
NGANJUK,2025,12,5,-0.49273085826905444,False
NGAWI,2021,6,2,-0.6625694555160506,False
NGAWI,2021,9,1,-0.676616864466921,False
NGAWI,2021,10,2,-0.6625694555160506,False
NGAWI,2022,5,1,-0.676616864466921,False
NGAWI,2022,6,1,-0.676616864466921,False
NGAWI,2022,7,7,-0.592332410761699,False
NGAWI,2022,8,22,-0.381621276498644,False
NGAWI,2022,9,22,-0.381621276498644,False
NGAWI,2022,10,2,-0.6625694555160506,False
NGAWI,2023,1,1,-0.676616864466921,False
NGAWI,2023,5,2,-0.6625694555160506,False
NGAWI,2023,6,43,-0.08662568853036702,False
NGAWI,2023,7,163,1.599063385574073,False
NGAWI,2023,8,222,2.4278605136754225,False
NGAWI,2023,9,143,1.3181152065566664,False
NGAWI,2023,10,207,2.217149379412368,False
NGAWI,2023,11,1,-0.676616864466921,False
NGAWI,2023,12,2,-0.6625694555160506,False
NGAWI,2024,5,1,-0.676616864466921,False
NGAWI,2024,6,20,-0.4097160944003847,False
NGAWI,2024,7,92,0.6016973500622793,False
NGAWI,2024,8,210,2.259291606264979,False
NGAWI,2024,9,126,1.0793092543918708,False
NGAWI,2024,10,6,-0.6063798197125694,False
NGAWI,2025,5,4,-0.63447463761431,False
NGAWI,2025,6,3,-0.6485220465651803,False
NGAWI,2025,7,29,-0.2832894138425517,False
NGAWI,2025,8,53,0.05384840097833631,False
NGAWI,2025,9,67,0.25051212629052094,False
NGAWI,2025,10,20,-0.4097160944003847,False
PACITAN,2022,8,1,-0.8041806928957865,False
PACITAN,2023,6,1,-0.8041806928957865,False
PACITAN,2023,7,1,-0.8041806928957865,False
PACITAN,2023,8,13,0.0,False
PACITAN,2023,9,34,1.4073162125676264,False
PACITAN,2023,10,44,2.077466789980782,False
PACITAN,2023,11,17,0.26806023096526216,False
PACITAN,2024,8,4,-0.6031355196718399,False
PACITAN,2024,9,5,-0.5361204619305243,False
PACITAN,2024,10,10,-0.20104517322394663,False
PAMEKASAN,2022,8,1,-1.0201791524072483,False
PAMEKASAN,2022,9,7,0.41241284884548346,False
PAMEKASAN,2023,3,1,-1.0201791524072483,False
PAMEKASAN,2023,6,2,-0.7814138188651264,False
PAMEKASAN,2023,7,8,0.6511781823876055,False
PAMEKASAN,2023,8,7,0.41241284884548346,False
PAMEKASAN,2023,9,11,1.3674741830139714,False
PAMEKASAN,2023,10,4,-0.30388315178088243,False
PAMEKASAN,2023,11,1,-1.0201791524072483,False
PAMEKASAN,2023,12,1,-1.0201791524072483,False
PAMEKASAN,2024,5,2,-0.7814138188651264,False
PAMEKASAN,2024,6,7,0.41241284884548346,False
PAMEKASAN,2024,7,15,2.322535517182459,False
PAMEKASAN,2024,8,4,-0.30388315178088243,False
PAMEKASAN,2024,9,9,0.8899435159297274,False
PAMEKASAN,2024,10,5,-0.06511781823876048,False
PAMEKASAN,2025,5,1,-1.0201791524072483,False
PAMEKASAN,2025,7,13,1.8450048500982152,False
PAMEKASAN,2025,8,7,0.41241284884548346,False
PAMEKASAN,2025,9,7,0.41241284884548346,False
PAMEKASAN,2025,10,2,-0.7814138188651264,False
PAMEKASAN,2025,11,1,-1.0201791524072483,False
PASURUAN,2021,2,1,-0.48468005837886774,False
PASURUAN,2021,3,2,-0.47123370114767593,False
PASURUAN,2021,6,1,-0.48468005837886774,False
PASURUAN,2021,12,1,-0.48468005837886774,False
PASURUAN,2022,2,1,-0.48468005837886774,False
PASURUAN,2022,3,3,-0.4577873439164841,False
PASURUAN,2022,4,4,-0.4443409866852923,False
PASURUAN,2022,7,12,-0.336770128835758,False
PASURUAN,2022,8,13,-0.3233237716045662,False
PASURUAN,2022,9,37,-0.0006111980559632805,False
PASURUAN,2022,10,1,-0.48468005837886774,False
PASURUAN,2023,1,1,-0.48468005837886774,False
PASURUAN,2023,3,8,-0.3905555577605252,False
PASURUAN,2023,4,4,-0.4443409866852923,False
PASURUAN,2023,5,27,-0.13507477036788118,False
PASURUAN,2023,6,53,0.21453051764310535,False
PASURUAN,2023,7,57,0.2683159465678725,False
PASURUAN,2023,8,210,2.3256086029402163,False
PASURUAN,2023,9,438,5.3913780516519445,True
PASURUAN,2023,10,123,1.1557755238265306,False
PASURUAN,2023,11,35,-0.02750391251834686,False
PASURUAN,2023,12,14,-0.30987741437337446,False
PASURUAN,2024,1,5,-0.43089462945410056,False
PASURUAN,2024,2,2,-0.47123370114767593,False
PASURUAN,2024,3,5,-0.43089462945410056,False
PASURUAN,2024,4,1,-0.48468005837886774,False
PASURUAN,2024,5,13,-0.3233237716045662,False
PASURUAN,2024,6,71,0.4565649478045576,False
PASURUAN,2024,7,36,-0.01405755528715507,False
PASURUAN,2024,8,111,0.9944192370522291,False
PASURUAN,2024,9,90,0.7120457351972016,False
PASURUAN,2024,10,51,0.18763780318072176,False
PASURUAN,2024,11,10,-0.3636628432981416,False
PASURUAN,2024,12,1,-0.48468005837886774,False
PASURUAN,2025,3,3,-0.4577873439164841,False
PASURUAN,2025,4,14,-0.30987741437337446,False
PASURUAN,2025,5,2,-0.47123370114767593,False
PASURUAN,2025,6,7,-0.40400191499171695,False
PASURUAN,2025,7,20,-0.2291992709862237,False
PASURUAN,2025,8,39,0.026281516406420298,False
PASURUAN,2025,9,65,0.37588680441740685,False
PASURUAN,2025,10,32,-0.06784298421192222,False
PASURUAN,2025,11,2,-0.47123370114767593,False
PASURUAN,2025,12,4,-0.4443409866852923,False
PONOROGO,2021,3,1,-0.6031255382446044,False
PONOROGO,2021,10,3,-0.5740452326397536,False
PONOROGO,2022,6,2,-0.588585385442179,False
PONOROGO,2022,7,3,-0.5740452326397536,False
PONOROGO,2022,9,8,-0.5013444686276267,False
PONOROGO,2023,2,1,-0.6031255382446044,False
PONOROGO,2023,3,1,-0.6031255382446044,False
PONOROGO,2023,6,6,-0.5304247742324775,False
PONOROGO,2023,7,29,-0.19600125977669397,False
PONOROGO,2023,8,155,1.636057993328903,False
PONOROGO,2023,9,235,2.7992702175229325,False
PONOROGO,2023,10,118,1.0980723396391643,False
PONOROGO,2023,11,31,-0.16692095417184322,False
PONOROGO,2023,12,4,-0.5595050798373282,False
PONOROGO,2024,6,1,-0.6031255382446044,False
PONOROGO,2024,7,24,-0.2687020237888208,False
PONOROGO,2024,8,192,2.1740436470186415,False
PONOROGO,2024,9,153,1.6069776877240523,False
PONOROGO,2024,10,37,-0.079680037357291,False
PONOROGO,2025,2,1,-0.6031255382446044,False
PONOROGO,2025,6,2,-0.588585385442179,False
PONOROGO,2025,7,2,-0.588585385442179,False
PONOROGO,2025,8,10,-0.472264163022776,False
PONOROGO,2025,9,33,-0.1378406485669925,False
PONOROGO,2025,10,10,-0.472264163022776,False
PROBOLINGGO,2021,6,3,-0.35523438580337213,False
PROBOLINGGO,2021,12,1,-0.3767779345798456,False
PROBOLINGGO,2022,2,1,-0.3767779345798456,False
PROBOLINGGO,2022,3,1,-0.3767779345798456,False
PROBOLINGGO,2022,5,1,-0.3767779345798456,False
PROBOLINGGO,2022,6,4,-0.3444626114151354,False
PROBOLINGGO,2022,7,3,-0.35523438580337213,False
PROBOLINGGO,2022,8,6,-0.32291906263866194,False
PROBOLINGGO,2022,9,15,-0.2259730931445314,False
PROBOLINGGO,2022,10,1,-0.3767779345798456,False
PROBOLINGGO,2022,11,2,-0.36600616019160886,False
PROBOLINGGO,2022,12,1,-0.3767779345798456,False
PROBOLINGGO,2023,1,1,-0.3767779345798456,False
PROBOLINGGO,2023,2,2,-0.36600616019160886,False
PROBOLINGGO,2023,3,4,-0.3444626114151354,False
PROBOLINGGO,2023,4,5,-0.33369083702689867,False
PROBOLINGGO,2023,5,5,-0.33369083702689867,False
PROBOLINGGO,2023,6,8,-0.3013755138621885,False
PROBOLINGGO,2023,7,47,0.11872368727904394,False
PROBOLINGGO,2023,8,132,1.0343245102791658,False
PROBOLINGGO,2023,9,269,2.5100576014675977,False
PROBOLINGGO,2023,10,548,5.515382655785645,True
PROBOLINGGO,2023,11,67,0.3341591750437785,False
PROBOLINGGO,2023,12,14,-0.23674486753276813,False
PROBOLINGGO,2024,1,1,-0.3767779345798456,False
PROBOLINGGO,2024,2,1,-0.3767779345798456,False
PROBOLINGGO,2024,3,5,-0.33369083702689867,False
PROBOLINGGO,2024,4,8,-0.3013755138621885,False
PROBOLINGGO,2024,5,14,-0.23674486753276813,False
PROBOLINGGO,2024,6,12,-0.2582884163092416,False
PROBOLINGGO,2024,7,40,0.04332126656138683,False
PROBOLINGGO,2024,8,108,0.7758019249614844,False
PROBOLINGGO,2024,9,181,1.5621414553027657,False
PROBOLINGGO,2024,10,24,-0.12902712365040084,False
PROBOLINGGO,2024,11,1,-0.3767779345798456,False
PROBOLINGGO,2025,1,1,-0.3767779345798456,False
PROBOLINGGO,2025,3,1,-0.3767779345798456,False
PROBOLINGGO,2025,4,6,-0.32291906263866194,False
PROBOLINGGO,2025,5,5,-0.33369083702689867,False
PROBOLINGGO,2025,6,6,-0.32291906263866194,False
PROBOLINGGO,2025,7,14,-0.23674486753276813,False
PROBOLINGGO,2025,8,36,0.0002341690084399156,False
PROBOLINGGO,2025,9,35,-0.010537605379796814,False
PROBOLINGGO,2025,10,9,-0.2906037394739518,False
PROBOLINGGO,2025,11,3,-0.35523438580337213,False
PROBOLINGGO,2025,12,3,-0.35523438580337213,False
SAMPANG,2021,5,2,-0.6644096163880419,False
SAMPANG,2021,10,3,-0.537305168035547,False
SAMPANG,2022,8,3,-0.537305168035547,False
SAMPANG,2022,9,6,-0.15599182297806205,False
SAMPANG,2022,10,2,-0.6644096163880419,False
SAMPANG,2023,6,7,-0.028887374625567067,False
SAMPANG,2023,7,7,-0.028887374625567067,False
SAMPANG,2023,8,10,0.3524259704319178,False
SAMPANG,2023,9,18,1.3692615572518776,False
SAMPANG,2023,10,13,0.7337393154894027,False
SAMPANG,2023,11,2,-0.6644096163880419,False
SAMPANG,2024,4,1,-0.7915140647405369,False
SAMPANG,2024,6,1,-0.7915140647405369,False
SAMPANG,2024,7,13,0.7337393154894027,False
SAMPANG,2024,8,34,3.402932730891797,True
SAMPANG,2024,9,14,0.8608437638418978,False
SAMPANG,2024,10,6,-0.15599182297806205,False
SAMPANG,2025,4,1,-0.7915140647405369,False
SAMPANG,2025,8,11,0.4795304187844128,False
SAMPANG,2025,9,1,-0.7915140647405369,False
SAMPANG,2025,10,3,-0.537305168035547,False
SAMPANG,2025,12,1,-0.7915140647405369,False
SIDOARJO,2021,3,1,-0.745773127516539,False
SIDOARJO,2021,5,2,-0.7055766401389274,False
SIDOARJO,2021,6,1,-0.745773127516539,False
SIDOARJO,2021,9,3,-0.6653801527613158,False
SIDOARJO,2021,10,1,-0.745773127516539,False
SIDOARJO,2022,1,1,-0.745773127516539,False
SIDOARJO,2022,2,3,-0.6653801527613158,False
SIDOARJO,2022,3,7,-0.5045942032508692,False
SIDOARJO,2022,4,2,-0.7055766401389274,False
SIDOARJO,2022,5,1,-0.745773127516539,False
SIDOARJO,2022,6,6,-0.5447906906284808,False
SIDOARJO,2022,7,22,0.09835310741330507,False
SIDOARJO,2022,8,11,-0.3438082537404228,False
SIDOARJO,2022,9,22,0.09835310741330507,False
SIDOARJO,2022,10,2,-0.7055766401389274,False
SIDOARJO,2022,11,3,-0.6653801527613158,False
SIDOARJO,2022,12,2,-0.7055766401389274,False
SIDOARJO,2023,1,2,-0.7055766401389274,False
SIDOARJO,2023,3,19,-0.022236354719529804,False
SIDOARJO,2023,4,4,-0.6251836653837041,False
SIDOARJO,2023,5,15,-0.18302230422997628,False
SIDOARJO,2023,6,38,0.741496905455091,False
SIDOARJO,2023,7,37,0.7013004180774793,False
SIDOARJO,2023,8,75,2.228766938426721,False
SIDOARJO,2023,9,60,1.6258196277625467,False
SIDOARJO,2023,10,58,1.5454266530073235,False
SIDOARJO,2023,11,23,0.1385495947909167,False
SIDOARJO,2023,12,6,-0.5447906906284808,False
SIDOARJO,2024,1,3,-0.6653801527613158,False
SIDOARJO,2024,2,5,-0.5849871780060925,False
SIDOARJO,2024,3,1,-0.745773127516539,False
SIDOARJO,2024,4,5,-0.5849871780060925,False
SIDOARJO,2024,5,14,-0.2232187916075879,False
SIDOARJO,2024,6,25,0.21894256954613991,False
SIDOARJO,2024,7,31,0.46012149381180967,False
SIDOARJO,2024,8,68,1.9473915267834396,False
SIDOARJO,2024,9,92,2.9121072238461188,False
SIDOARJO,2024,10,98,3.1532861481117886,True
SIDOARJO,2024,11,18,-0.06243284209714142,False
SIDOARJO,2025,3,1,-0.745773127516539,False
SIDOARJO,2025,4,4,-0.6251836653837041,False
SIDOARJO,2025,5,4,-0.6251836653837041,False
SIDOARJO,2025,6,6,-0.5447906906284808,False
SIDOARJO,2025,7,16,-0.14282581685236467,False
SIDOARJO,2025,8,28,0.3395320316789748,False
SIDOARJO,2025,9,34,0.5807109559446445,False
SIDOARJO,2025,10,39,0.7816933928327027,False
SITUBONDO,2021,2,1,-0.664161439081747,False
SITUBONDO,2021,6,4,-0.6473595548299997,False
SITUBONDO,2021,7,2,-0.6585608109978313,False
SITUBONDO,2021,9,3,-0.6529601829139154,False
SITUBONDO,2021,10,1,-0.664161439081747,False
SITUBONDO,2022,1,1,-0.664161439081747,False
SITUBONDO,2022,3,1,-0.664161439081747,False
SITUBONDO,2022,4,1,-0.664161439081747,False
SITUBONDO,2022,5,7,-0.6305576705782525,False
SITUBONDO,2022,6,34,-0.4793407123125275,False
SITUBONDO,2022,7,51,-0.3841300348859599,False
SITUBONDO,2022,8,123,0.019115187155973313,False
SITUBONDO,2022,9,236,0.6519861606384519,False
SITUBONDO,2022,10,34,-0.4793407123125275,False
SITUBONDO,2022,11,9,-0.619356414410421,False
SITUBONDO,2022,12,10,-0.6137557863265053,False
SITUBONDO,2023,1,1,-0.664161439081747,False
SITUBONDO,2023,4,1,-0.664161439081747,False
SITUBONDO,2023,5,43,-0.4289350595572859,False
SITUBONDO,2023,6,193,0.4111591530300751,False
SITUBONDO,2023,7,379,1.4528759766384027,False
SITUBONDO,2023,8,521,2.248165164554438,False
SITUBONDO,2023,9,444,1.8169168020929258,False
SITUBONDO,2023,10,362,1.3576652992118352,False
SITUBONDO,2023,11,62,-0.3225231259628868,False
SITUBONDO,2023,12,9,-0.619356414410421,False
SITUBONDO,2024,2,1,-0.664161439081747,False
SITUBONDO,2024,3,2,-0.6585608109978313,False
SITUBONDO,2024,4,4,-0.6473595548299997,False
SITUBONDO,2024,5,20,-0.5577495054873479,False
SITUBONDO,2024,6,145,0.1423290050021196,False
SITUBONDO,2024,7,385,1.4864797451418972,False
SITUBONDO,2024,8,749,3.5251083676872264,True
SITUBONDO,2024,9,326,1.1560426881908685,False
SITUBONDO,2024,10,164,0.24874093859651863,False
SITUBONDO,2024,11,20,-0.5577495054873479,False
SITUBONDO,2025,2,1,-0.664161439081747,False
SITUBONDO,2025,3,2,-0.6585608109978313,False
SITUBONDO,2025,4,3,-0.6529601829139154,False
SITUBONDO,2025,5,7,-0.6305576705782525,False
SITUBONDO,2025,6,47,-0.4065325472216229,False
SITUBONDO,2025,7,134,0.08072209607904646,False
SITUBONDO,2025,8,357,1.3296621587922564,False
SITUBONDO,2025,9,440,1.7945142897572628,False
SITUBONDO,2025,10,157,0.20953654200910846,False
SITUBONDO,2025,11,4,-0.6473595548299997,False
SUMENEP,2021,9,3,-0.7841663720777802,False
SUMENEP,2021,10,6,-0.7028379775345021,False
SUMENEP,2022,6,2,-0.8112758369255395,False
SUMENEP,2022,8,18,-0.3775243993613897,False
SUMENEP,2022,9,72,1.086386702417616,False
SUMENEP,2022,10,8,-0.6486190478389833,False
SUMENEP,2023,6,3,-0.7841663720777802,False
SUMENEP,2023,7,19,-0.3504149345136303,False
SUMENEP,2023,8,74,1.1406056321131348,False
SUMENEP,2023,9,91,1.6014665345250438,False
SUMENEP,2023,10,76,1.1948245618086535,False
SUMENEP,2023,11,32,0.002008108507241395,False
SUMENEP,2023,12,2,-0.8112758369255395,False
SUMENEP,2024,1,1,-0.8383853017732988,False
SUMENEP,2024,3,1,-0.8383853017732988,False
SUMENEP,2024,5,7,-0.6757285126867427,False
SUMENEP,2024,6,2,-0.8112758369255395,False
SUMENEP,2024,7,28,-0.10642975088379605,False
SUMENEP,2024,8,92,1.6285759993728033,False
SUMENEP,2024,9,124,2.496078874501103,False
SUMENEP,2024,10,88,1.5201381399817657,False
SUMENEP,2024,11,5,-0.7299474423822614,False
SUMENEP,2025,2,1,-0.8383853017732988,False
SUMENEP,2025,7,2,-0.8112758369255395,False
SUMENEP,2025,8,28,-0.10642975088379605,False
SUMENEP,2025,9,47,0.40865008122363183,False
SUMENEP,2025,10,30,-0.05221082118827733,False
TRENGGALEK,2021,3,1,-0.41866388202564053,False
TRENGGALEK,2022,2,1,-0.41866388202564053,False
TRENGGALEK,2022,7,1,-0.41866388202564053,False
TRENGGALEK,2023,4,2,-0.25528285489368324,False
TRENGGALEK,2023,5,1,-0.41866388202564053,False
TRENGGALEK,2023,7,1,-0.41866388202564053,False
TRENGGALEK,2023,9,2,-0.25528285489368324,False
TRENGGALEK,2023,10,9,0.8883843350300177,False
TRENGGALEK,2023,11,1,-0.41866388202564053,False
TRENGGALEK,2024,5,1,-0.41866388202564053,False
TRENGGALEK,2024,7,4,0.07147919937023131,False
TRENGGALEK,2024,8,1,-0.41866388202564053,False
TRENGGALEK,2024,9,25,3.502480769141334,True
TRENGGALEK,2024,10,5,0.23486022650218857,False
TRENGGALEK,2025,8,1,-0.41866388202564053,False
TRENGGALEK,2025,9,1,-0.41866388202564053,False
TUBAN,2021,4,1,-0.6956426082659252,False
TUBAN,2021,9,2,-0.6773261819374752,False
TUBAN,2021,11,1,-0.6956426082659252,False
TUBAN,2022,2,8,-0.5674276239667749,False
TUBAN,2022,3,1,-0.6956426082659252,False
TUBAN,2022,4,35,-0.07288411309862405,False
TUBAN,2022,5,29,-0.18278267106932425,False
TUBAN,2022,6,21,-0.32931408169692455,False
TUBAN,2022,7,14,-0.4575290659960748,False
TUBAN,2022,8,18,-0.3842633606822746,False
TUBAN,2022,9,51,0.2201787081565765,False
TUBAN,2022,10,3,-0.6590097556090252,False
TUBAN,2022,11,1,-0.6956426082659252,False
TUBAN,2023,2,2,-0.6773261819374752,False
TUBAN,2023,3,7,-0.585744050295225,False
TUBAN,2023,4,41,0.037014444872076155,False
TUBAN,2023,5,34,-0.09120053942707408,False
TUBAN,2023,6,47,0.14691300284277636,False
TUBAN,2023,7,133,1.7221256670894793,False
TUBAN,2023,8,139,1.8320242250601797,False
TUBAN,2023,9,156,2.14340347264383,False
TUBAN,2023,10,71,0.5865072347255772,False
TUBAN,2023,11,17,-0.40257978701072467,False
TUBAN,2023,12,14,-0.4575290659960748,False
TUBAN,2024,1,6,-0.604060476623675,False
TUBAN,2024,2,38,-0.01793483411327395,False
TUBAN,2024,3,39,0.00038159221517608576,False
TUBAN,2024,4,31,-0.1461498184124242,False
TUBAN,2024,5,46,0.12859657651432632,False
TUBAN,2024,6,36,-0.05456768677017402,False
TUBAN,2024,7,118,1.447379272162729,False
TUBAN,2024,8,305,4.872550995582885,True
TUBAN,2024,9,96,1.044417892936828,False
TUBAN,2024,10,26,-0.23773195005467435,False
TUBAN,2024,11,1,-0.6956426082659252,False
TUBAN,2024,12,2,-0.6773261819374752,False
TUBAN,2025,1,1,-0.6956426082659252,False
TUBAN,2025,2,2,-0.6773261819374752,False
TUBAN,2025,3,13,-0.4758454923245248,False
TUBAN,2025,4,10,-0.530794771309875,False
TUBAN,2025,5,21,-0.32931408169692455,False
TUBAN,2025,6,23,-0.29268122904002447,False
TUBAN,2025,7,46,0.12859657651432632,False
TUBAN,2025,8,42,0.05533087120052619,False
TUBAN,2025,9,62,0.4216593977695269,False
TUBAN,2025,10,45,0.1102801501858763,False
TUBAN,2025,11,7,-0.585744050295225,False
TUBAN,2025,12,9,-0.5491111976383249,False
TULUNGAGUNG,2022,6,1,-0.5435392439934355,False
TULUNGAGUNG,2022,7,2,-0.47242195973261214,False
TULUNGAGUNG,2022,8,4,-0.33018739121096546,False
TULUNGAGUNG,2022,9,1,-0.5435392439934355,False
TULUNGAGUNG,2022,10,1,-0.5435392439934355,False
TULUNGAGUNG,2022,12,2,-0.47242195973261214,False
TULUNGAGUNG,2023,4,1,-0.5435392439934355,False
TULUNGAGUNG,2023,5,1,-0.5435392439934355,False
TULUNGAGUNG,2023,6,2,-0.47242195973261214,False
TULUNGAGUNG,2023,7,3,-0.40130467547178883,False
TULUNGAGUNG,2023,8,8,-0.04571825416767211,False
TULUNGAGUNG,2023,9,21,0.8788064412230313,False
TULUNGAGUNG,2023,10,44,2.5145039792219683,False
TULUNGAGUNG,2023,11,4,-0.33018739121096546,False
TULUNGAGUNG,2023,12,5,-0.25907010695014215,False
TULUNGAGUNG,2024,5,1,-0.5435392439934355,False
TULUNGAGUNG,2024,6,3,-0.40130467547178883,False
TULUNGAGUNG,2024,7,8,-0.04571825416767211,False
TULUNGAGUNG,2024,8,54,3.2256768218302017,True
TULUNGAGUNG,2024,9,32,1.6610965680920882,False
TULUNGAGUNG,2024,10,29,1.4477447153096181,False
TULUNGAGUNG,2024,11,1,-0.5435392439934355,False
TULUNGAGUNG,2025,2,1,-0.5435392439934355,False
TULUNGAGUNG,2025,7,1,-0.5435392439934355,False
TULUNGAGUNG,2025,8,2,-0.47242195973261214,False
TULUNGAGUNG,2025,9,6,-0.1879528226893188,False
TULUNGAGUNG,2025,10,2,-0.47242195973261214,False
TULUNGAGUNG,2025,12,2,-0.47242195973261214,False
